2017-11-08 22:07:00,b'Sacramento #CA #USA - Life Science Sales Representative - Life Science Sa... https://t.co/a4VKQ92jIq #LOS-ANGELES #SOUTHERN-CALIFORNIA #JOB'
2017-11-08 22:06:40,b'Sacramento #CA #USA - Senior/Executive Account Director Business Developm... https://t.co/Z68A2nHhsf #LOS-ANGELES #SOUTHERN-CALIFORNIA #JOB'
2017-11-08 21:07:00,b'#USA - Urology Sales Specialist - Miami FL - NYA13579 - ...nbspbiotech clients. This exciti... https://t.co/vCskdrdqUl #SOUTHERN-CALIFORNIA'
2017-11-08 19:06:38,b'Norfolk VA - Hiring Local Bookkeeper Jobs - Full and Part Time Positions Open. Need Bot... https://t.co/1oQAk87Tn2 #SOUTHERN-CALIFORNIA #CA'
2017-11-08 18:23:40,b'RT @LoriMoreno: Hot Air Balloon Gone Wild https://t.co/waieKwmNJQ\xc2\xa0 https://t.co/mbt1X8xVlm\xc2\xa0 in #Southern #California #Wine Country &gt; https:\xe2\x80\xa6'
2017-11-08 18:09:35,b'RT @LoriMoreno: Hot Air Balloon Gone Wild https://t.co/waieKwmNJQ\xc2\xa0 https://t.co/mbt1X8xVlm\xc2\xa0 in #Southern #California #Wine Country &gt; https:\xe2\x80\xa6'
2017-11-08 18:07:08,b'RT @LoriMoreno: Hot Air Balloon Gone Wild https://t.co/waieKwmNJQ\xc2\xa0 https://t.co/mbt1X8xVlm\xc2\xa0 in #Southern #California #Wine Country &gt; https:\xe2\x80\xa6'
2017-11-08 18:00:11,b'RT @LoriMoreno: Hot Air Balloon Gone Wild https://t.co/waieKwmNJQ\xc2\xa0 https://t.co/mbt1X8xVlm\xc2\xa0 in #Southern #California #Wine Country &gt; https:\xe2\x80\xa6'
2017-11-08 17:56:24,b'RT @LoriMoreno: Hot Air Balloon Gone Wild https://t.co/waieKwmNJQ\xc2\xa0 https://t.co/mbt1X8xVlm\xc2\xa0 in #Southern #California #Wine Country &gt; https:\xe2\x80\xa6'
2017-11-08 17:55:35,b'Hot Air Balloon Gone Wild https://t.co/waieKwmNJQ\xc2\xa0 https://t.co/mbt1X8xVlm\xc2\xa0 in #Southern #California #Wine Country &gt; https://t.co/B6xidROl20'
2017-11-08 16:07:16,b'San Jose #CA #USA - Administrative Assistant - Our very busy office is se... https://t.co/qXLNaWOHVx #LOS-ANGELES #SOUTHERN-CALIFORNIA #JOB'
2017-11-08 15:06:55,b'#USA - Telemarketer - You must have telemarketing experience. Hex2Fshe will be responsible ... https://t.co/bWDRBEqErp #SOUTHERN-CALIFORNIA'
2017-11-08 12:06:51,b'Baltimore MD #USA - Sr PostgreSQL database Administrator - The Civil Health Operation is se... https://t.co/c7g5dxDfLO #SOUTHERN-CALIFORNIA'
2017-11-08 11:07:10,b'Irvine #CA #USA - IT Computer System Validation CSV - PSC Biotech is a le... https://t.co/YBw59Roq9u #LOS-ANGELES #SOUTHERN-CALIFORNIA #JOB'
2017-11-08 09:06:49,b'Tampa FL #USA - Data Science Liaison - ...nbspscience Identify collaboration opportunities ... https://t.co/wqD6u8nUbE #SOUTHERN-CALIFORNIA'
2017-11-08 08:07:09,b'Fort Worth TX #USA - Lead Diagnostic Automotive Technician - The #Job This... https://t.co/QoWsSPDbX5 #LOS-ANGELES #SOUTHERN-CALIFORNIA #CA'
2017-11-08 08:06:49,b'Dallas TX #USA - Automotive Technician - You will diagnose adjust repair and overhaul autom... https://t.co/pOHsKi5hky #SOUTHERN-CALIFORNIA'
2017-11-08 04:07:06,b'Austin TX #USA - Principal Consultant Business Intelligence - Think Big Analytics - Princip... https://t.co/HKDzbYyI9X #SOUTHERN-CALIFORNIA'
2017-11-08 02:06:43,b'New York NY #USA - Food Service Manager 1 - Position Summary Assists in the management of m... https://t.co/nlc2hqBswt #SOUTHERN-CALIFORNIA'
2017-11-08 00:06:42,b'Montgomery AL #USA - Delivery Driver - #JOB 6324 - Company Description We ... https://t.co/PI4j9be4RP #LOS-ANGELES #SOUTHERN-CALIFORNIA #CA'
2017-11-07 21:07:00,b'Raleigh NC #USA - Spectrum Retail Sales Associate - Client Reference Code ... https://t.co/coJDLt1X8r #LOS-ANGELES #SOUTHERN-CALIFORNIA #CA'
2017-11-07 20:07:19,b'Anaheim #CA #USA - Remote Professional Services Internet Publication Lead... https://t.co/jryVSxijmj #LOS-ANGELES #SOUTHERN-CALIFORNIA #JOB'
2017-11-07 19:06:57,b'San Francisco #CA #USA - Creative Design Director - The Design Director w... https://t.co/88dhKkYCzs #LOS-ANGELES #SOUTHERN-CALIFORNIA #JOB'
2017-11-07 17:06:36,b'Richmond KY #USA - Engineering Equip Operator Locomotive Engineer - This #... https://t.co/N9M9uqQtF6 #LOS-ANGELES #SOUTHERN-CALIFORNIA #CA'
2017-11-07 16:06:54,b'Fort Worth TX #USA - Lead Diagnostic Automotive Technician - The #Job This... https://t.co/bGvNOYs1TM #LOS-ANGELES #SOUTHERN-CALIFORNIA #CA'
2017-11-07 15:06:54,b'Louisville KY #USA - Telecommuting Higher Education and State-Local Government Senior Data ... https://t.co/owj3H2iRXf #SOUTHERN-CALIFORNIA'
2017-11-07 14:07:14,b'Little Canada MN #USA - IT Administrator - Responsibilities Troubleshoot and resolve all IT... https://t.co/JpQAuloGoG #SOUTHERN-CALIFORNIA'
2017-11-07 14:06:54,b'Saint Paul MN #USA - IT Generalist - Robert Half Technology is scouting out talented IT Gen... https://t.co/TBZR5F4y7i #SOUTHERN-CALIFORNIA'
2017-11-07 13:06:53,b'Denver CO #USA - Junior Marketing Assistant Entry Level Marketing and Advertising - We are ... https://t.co/NkrsqHkrJg #SOUTHERN-CALIFORNIA'
2017-11-07 09:06:51,b'Nashville TN #USA - Field Technician II Nashville TN - Demonstrates a degree of experience ... https://t.co/h3rXqyBk8S #SOUTHERN-CALIFORNIA'
2017-11-07 07:06:50,b'Greenville TX #USA - IT End-User Specialist 2 - IT End-User Specialist 2 Description The IT... https://t.co/oy5c553aBu #SOUTHERN-CALIFORNIA'
2017-11-07 06:06:49,b'Seattle WA #USA - New School Occupational Therapy #Job - Washington School... https://t.co/2Q6gdk0T2u #LOS-ANGELES #SOUTHERN-CALIFORNIA #CA'
2017-11-07 03:07:08,b'Tucson AZ #USA - Before And After School Child Care - I need someone who is available Tuesd... https://t.co/CMCXzlKFXY #SOUTHERN-CALIFORNIA'
2017-11-07 02:07:07,b'Tucson AZ #USA - Occupational Therapist - 12000 Sign On Bonus - Plans and conducts individu... https://t.co/ly5f87Edel #SOUTHERN-CALIFORNIA'
2017-11-06 21:06:45,b'Tempe AZ #USA - Retail Banking Development Program Trainee - Tempe AZ - The Retail Banking ... https://t.co/164JKXy6OR #SOUTHERN-CALIFORNIA'
2017-11-06 20:06:45,b'Detroit MI #USA - Partial Remote Senior Database Engineer - A software company is searching... https://t.co/0I4jrpLBvl #SOUTHERN-CALIFORNIA'
2017-11-06 18:07:43,"b""Southern California commuting nation's most stressful...\n      #Commuting #stress #Southern #California https://t.co/lZi7CUlMOa"""
2017-11-06 18:07:04,b'San Leandro #CA #USA - warehouse - We are seeking a Warehousex2Fdriver to... https://t.co/DpZB88ABCg #LOS-ANGELES #SOUTHERN-CALIFORNIA #JOB'
2017-11-06 18:06:44,b'San Jose #CA #USA - Sales / Warehouse / Retail - Warehouse x2F Retail x2F... https://t.co/xkkf8K4kt4 #LOS-ANGELES #SOUTHERN-CALIFORNIA #JOB'
2017-11-06 18:00:06,"b""RT @BeltwayPundit: #Southern #California #commuting nation's most stressful... https://t.co/0uvlbXNaeT"""
2017-11-06 18:00:04,"b""RT @_drudgereport_: #Southern #California #commuting nation's most stressful... https://t.co/4CBy3vouAN"""
2017-11-06 18:00:04,"b""RT @BeltwayPundit: #Southern #California #commuting nation's most stressful... https://t.co/0uvlbXNaeT"""
2017-11-06 18:00:02,"b""RT @_drudgereport_: #Southern #California #commuting nation's most stressful... https://t.co/4CBy3vouAN"""
2017-11-06 18:00:00,"b""#Southern #California #commuting nation's most stressful... https://t.co/0uvlbXNaeT"""
2017-11-06 17:59:57,"b""#Southern #California #commuting nation's most stressful... https://t.co/4CBy3vouAN"""
2017-11-06 17:59:57,"b""#Southern #California #commuting nation's most stressful... https://t.co/uPwgJCcYdG"""
2017-11-06 17:06:44,b'New York NY #USA - Government Contract Manager - Experience responding to requests for prop... https://t.co/RApiD8knvq #SOUTHERN-CALIFORNIA'
2017-11-06 15:06:43,b'Oklahoma City OK #USA - Project Management Specialist - Performs multiple assignments as re... https://t.co/5HDI03k6s2 #SOUTHERN-CALIFORNIA'
2017-11-06 14:06:43,b'Kendall FL #USA - Retail Sales Representative - The #Job Window is seeking... https://t.co/Vkt9IhNt2Q #LOS-ANGELES #SOUTHERN-CALIFORNIA #CA'
2017-11-06 13:06:42,b'Denver CO #USA - Hotel Maintenance Engineer - Performs systematic checks and inspections to... https://t.co/EkyCeIDY0H #SOUTHERN-CALIFORNIA'
2017-11-06 10:06:40,b'Suffolk VA #USA - Member Experience Manager - Anytime Fitness Harbour View - Anytime Fitnes... https://t.co/GKLakoUbno #SOUTHERN-CALIFORNIA'
2017-11-06 09:07:00,b'Stow OH #USA - Shipping and Receiving - ...nbspinventory using Material Handling Equipment ... https://t.co/fZbcmsGq5C #SOUTHERN-CALIFORNIA'
2017-11-06 08:07:00,b'Saint Paul MN #USA - PACU Travel Nurse RN- St Paul #Job ID 276402 - Requir... https://t.co/BgF9DzdnJ7 #LOS-ANGELES #SOUTHERN-CALIFORNIA #CA'
2017-11-06 07:06:59,b'Miami FL #USA - HVAC Sales Rep - ...nbspregion for new HVAC Installation Projects. Responsi... https://t.co/OQHlVfKZEB #SOUTHERN-CALIFORNIA'
2017-11-06 06:06:58,b'Fort Worth TX #USA - Lead Diagnostic Automotive Technician - The #Job This... https://t.co/wAPWz0KHqe #LOS-ANGELES #SOUTHERN-CALIFORNIA #CA'
2017-11-06 06:06:38,b'Grand Prairie TX #USA - AUTOMOTIVE AND OR DIESEL TECHNICIAN - Mainstreet Auto Repair is a f... https://t.co/WnGA1GsKHm #SOUTHERN-CALIFORNIA'
2017-11-06 05:06:37,b'Jersey City NJ #USA - Vice President Senior Database Developer - Document database design a... https://t.co/mYG8qCHvnl #SOUTHERN-CALIFORNIA'
2017-11-06 04:06:56,b'Upland #CA #USA - Welder Second Shift - We are seeking an entry level Wel... https://t.co/llwD4hDZbE #LOS-ANGELES #SOUTHERN-CALIFORNIA #JOB'
2017-11-06 04:06:36,b'Corona #CA #USA - Exp. Welder - must have both MIG TIG - In this role you... https://t.co/nxeqwT8ESh #LOS-ANGELES #SOUTHERN-CALIFORNIA #JOB'
2017-11-06 00:06:54,b'Franklin County OH #USA - Database Administration Specialist 2 - #Job Duti... https://t.co/V2l8OKsmld #LOS-ANGELES #SOUTHERN-CALIFORNIA #CA'
2017-11-05 22:06:52,b'Buffalo NY #USA - Strategic Account Executive Outside Sales - We are seeking highly-motivat... https://t.co/ZvHdoCuMbk #SOUTHERN-CALIFORNIA'
2017-11-05 18:53:40,"b'Upcoming events vedanta #society of #Southern #California #Sunday, 05 november 2017 at 9:00 - 10:40 #Led by sukirth https://t.co/HzdXpydYNV'"
2017-11-05 17:06:50,b'Oklahoma City OK #USA - Welder - Welders needed..... Must have experience in welding or bra... https://t.co/raq0Ii9ZPV #SOUTHERN-CALIFORNIA'
2017-11-05 17:06:30,b'Oklahoma City OK #USA - Welder 6G - Must have verifiable welding certifica... https://t.co/tb6Pxt6CTD #LOS-ANGELES #SOUTHERN-CALIFORNIA #CA'
2017-11-05 16:07:10,b'South Holland IL #USA - Frabricator / Welder - The ideal Welderx2FFabricator will have a mi... https://t.co/frGXZUbQ6d #SOUTHERN-CALIFORNIA'
2017-11-05 14:11:08,"b'Upcoming events vedanta #society of #Southern #California #Sunday, 05 november 2017 at 9:00 - 10:40 #Led by sukirth https://t.co/HzdXpydYNV'"
2017-11-05 12:07:08,b'Columbus OH #USA - General Labor - Roofing - We are seeking a skilled reliable general labo... https://t.co/txWyyKjGuo #SOUTHERN-CALIFORNIA'
2017-11-05 11:06:48,b'Cincinnati OH #USA - Contracts Administrator - Robert Half Legal is currently assisting a C... https://t.co/ZObPuNkua9 #SOUTHERN-CALIFORNIA'
2017-11-05 08:07:03,b'Nashville TN #USA - Opportunities in Advertising Sales and Marketing- ENTRY LEVEL - Sales C... https://t.co/a5vFtNmKIe #SOUTHERN-CALIFORNIA'
2017-11-05 08:06:43,b'Nashville TN #USA - B2B Advertising Sales Consultant - Box Top Advertising is the Nations L... https://t.co/tNqAR7UQF4 #SOUTHERN-CALIFORNIA'
2017-11-05 06:06:42,b'Hollywood FL #USA - Experienced Windows Server EngineerAdministrator - ...nbsplegal account... https://t.co/w1pt37EIpI #SOUTHERN-CALIFORNIA'
2017-11-05 05:07:01,b'Brookhaven GA #USA - Legal Administrative Assistant - We are seeking an energetic Legal Adm... https://t.co/dgqvr39afY #SOUTHERN-CALIFORNIA'
2017-11-05 04:07:00,b'Seattle WA #USA - TRAINING COORDINATOR - Print Return to #Job list TRAININ... https://t.co/AOYMkTbB1x #LOS-ANGELES #SOUTHERN-CALIFORNIA #CA'
2017-11-05 03:07:00,b'Phoenix AZ #USA - Research Assistant - Research Assistant #Job Introductio... https://t.co/UOw35EkVKa #LOS-ANGELES #SOUTHERN-CALIFORNIA #CA'
2017-11-05 03:06:40,b'Phoenix AZ #USA - Virtual Consulting Research Analyst - A premier non-profit organization i... https://t.co/AfCdWw7ES0 #SOUTHERN-CALIFORNIA'
2017-11-05 01:06:39,b'Indianapolis IN #USA - Mechanical Engineering Technician - Kelly Engineering Resources has ... https://t.co/xKR6EkRbhk #SOUTHERN-CALIFORNIA'
2017-11-04 23:06:59,b'Jersey City NJ #USA - Sr. QA Automation Engineer-Investment Banking - ...nbspusing automate... https://t.co/zhCmT39GCj #SOUTHERN-CALIFORNIA'
2017-11-04 22:06:59,b'Cincinnati OH #USA - Lead Tower Tech - SAC designs buildsand maintains end-to-end network i... https://t.co/pWpG6LZDpq #SOUTHERN-CALIFORNIA'
2017-11-04 22:06:39,b'Cincinnati OH #USA - Tower Foreman - SAC designs builds and maintains end-to-end network in... https://t.co/B6mkXVPMV8 #SOUTHERN-CALIFORNIA'
2017-11-04 20:06:58,b'Minneapolis MN #USA - HR Generalist - We are recruiting for an HR Generalist to be placed w... https://t.co/KkR1BXYGRm #SOUTHERN-CALIFORNIA'
2017-11-04 16:06:36,b'Winchester KY #USA - RN - ...nbsplegal and regulatory requirement Performs other duties des... https://t.co/UEUT4qNO8L #SOUTHERN-CALIFORNIA'
2017-11-04 15:45:34,"b'Realizing that I\'m #southern My husband keeps saying ""stop saying back home in California! You\'ve been here long... https://t.co/udpdIv0XT6'"
2017-11-04 13:06:54,b'San Jose #CA #USA - Sales Representative - B2B advertising sales Daily Pr... https://t.co/0O2ZW18htA #LOS-ANGELES #SOUTHERN-CALIFORNIA #JOB'
2017-11-04 13:06:34,b'Cupertino #CA #USA - Marketing and Advertising Sales Representative - EXC... https://t.co/AzNA213PEu #LOS-ANGELES #SOUTHERN-CALIFORNIA #JOB'
2017-11-04 09:07:11,b'New York NY #USA - Legal and Compliance Admin Ops Project Officer - - Legal and Compliance ... https://t.co/5EtvVyIBvD #SOUTHERN-CALIFORNIA'
2017-11-04 04:07:06,b'Modesto #CA #USA - Assistant General Counsel - You will provide legal sup... https://t.co/sFjuDdWCsx #LOS-ANGELES #SOUTHERN-CALIFORNIA #JOB'
2017-11-04 04:06:46,b'Stockton #CA #USA - Family Law Attorney - You will represent clients in l... https://t.co/aumlmFrkTR #LOS-ANGELES #SOUTHERN-CALIFORNIA #JOB'
2017-11-04 01:06:44,b'Phoenix AZ #USA - Laboratory Supervisor - The Laboratory Supervisor will be responsible for... https://t.co/CWltJSr2RO #SOUTHERN-CALIFORNIA'
2017-11-04 00:06:43,b'Albuquerque NM #USA - Desktop Support - Our proven recruiting methodologies allow us to ide... https://t.co/wDG6dO417R #SOUTHERN-CALIFORNIA'
2017-11-03 22:18:54,"b'11.3 - Is the Storm beginning? Fear, Courage, Motivation https://t.co/BfSquVvMN3 via @YouTube #Paratoopers #Snipers in #Southern #California'"
2017-11-03 22:07:02,b'New York NY #USA - FOOD SERVICE DIRECTOR I - Become part of Restaurant Associates a name th... https://t.co/UZgKsgnEbG #SOUTHERN-CALIFORNIA'
2017-11-03 20:53:33,b'According to our #weathermen this is a #rainy day in #Southern #California. #God has the best\xe2\x80\xa6 https://t.co/ROr5DyJDEY'
2017-11-03 19:06:59,b'Jefferson CO - Class A CDL Local Company Driver - ...nbspmanufacturing and distributio... https://t.co/VaSGLyY0VM #JOB #SOUTHERN-CALIFORNIA'
2017-11-03 17:06:59,b'Amityville NY #USA - CONTRACTOR/GENERAL LABOR - Property Preservation Business - GENERAL KN... https://t.co/xpPtMCIHfN #SOUTHERN-CALIFORNIA'
2017-11-03 16:06:58,b'Baton Rouge LA #USA - Occupational Therapist - Travel - Skilled Nursing Facility - 129882 -... https://t.co/Ew0ITPr8GA #SOUTHERN-CALIFORNIA'
2017-11-03 15:06:58,b'Conroe TX #USA - Mgr Human Resources - It leads the administration and implementation of Hu... https://t.co/81IYIQU0Ee #SOUTHERN-CALIFORNIA'
2017-11-03 13:06:37,b'#USA - Human Resources Specialist #Job In Albuquerque New Mexico - Areas o... https://t.co/kz0xmZVkJP #LOS-ANGELES #SOUTHERN-CALIFORNIA #CA'
2017-11-03 12:07:16,b'Glendale #CA #USA - Pharmacy Technician - Looking for a full-time pharmac... https://t.co/7JNqOPUdLF #LOS-ANGELES #SOUTHERN-CALIFORNIA #JOB'
2017-11-03 12:06:56,b'Pasadena #CA #USA - Pharmacy Technician - We are seeking a Pharmacy Techn... https://t.co/Si2zujlhLr #LOS-ANGELES #SOUTHERN-CALIFORNIA #JOB'
2017-11-03 08:09:04,b'Southern California Man Held in 1994 Killing of His Mother https://t.co/63t0cSL0ZI #southern #california https://t.co/BsimGkIdv2'
2017-11-03 06:06:51,b'Phoenix AZ #USA - PICU Travel Nurse RN- Flagstaff #Job ID 275656 - ASAP x2... https://t.co/yvFZSs9Zmg #LOS-ANGELES #SOUTHERN-CALIFORNIA #CA'
2017-11-03 05:06:51,b'Compton #CA #USA - Truck Drivers-2000 Sign On Bonus - Class A Commercial ... https://t.co/nn5bKjsr69 #LOS-ANGELES #SOUTHERN-CALIFORNIA #JOB'
2017-11-03 05:06:31,b'South Gate #CA #USA - Local Dedicated Class A CDL Truck Driver - 1000 Sig... https://t.co/qvEDJbRF7v #LOS-ANGELES #SOUTHERN-CALIFORNIA #JOB'
2017-11-03 03:07:10,b'#USA - Legal Assistant - Two attorney firm seeking part-time legal assistant profiecient in... https://t.co/zFuAU3jKdw #SOUTHERN-CALIFORNIA'
2017-11-03 00:07:09,b'San Francisco #CA #USA - Program Coordinator - Expressive Arts Therapy - ... https://t.co/Mgs8VZYTZE #LOS-ANGELES #SOUTHERN-CALIFORNIA #JOB'
2017-11-02 23:12:05,"b""There ain't no other way cos your #hotter than a #southern #california day.......#lovethese lyrics"""
2017-11-02 21:06:47,b'Atlanta GA #USA - OTR CDL BOX TRUCK DRIVER CLASS A/CLASS B - Previous experience as OTR Tru... https://t.co/kalIV7ynsn #SOUTHERN-CALIFORNIA'
2017-11-02 20:07:06,b'Hayward #CA #USA - Warehouse Position - Wholesale distribution company ba... https://t.co/iRGQLN7Fs3 #LOS-ANGELES #SOUTHERN-CALIFORNIA #JOB'
2017-11-02 20:06:46,b'San Jose #CA #USA - Warehouse - Unloading stock pulling orders packaging ... https://t.co/Mc7Ht39caW #LOS-ANGELES #SOUTHERN-CALIFORNIA #JOB'
2017-11-02 17:41:49,b'This is #cold #weather for us #southern #California people\n #LosAngeles https://t.co/Gz6OdfwTRb'
2017-11-02 16:07:04,b'South San Francisco #CA #USA - Equipment Qualification Engineer Device De... https://t.co/0kiPlxJ6Jj #LOS-ANGELES #SOUTHERN-CALIFORNIA #JOB'
2017-11-02 16:06:44,b'San Francisco #CA #USA - Systems Engineer - Tracking Prediction - ...nbsp... https://t.co/Afen7m9hCd #LOS-ANGELES #SOUTHERN-CALIFORNIA #JOB'
2017-11-02 15:07:03,b'Randolph NJ #USA - Dental Hygienist - High tech-high quality Morris County practice seeks d... https://t.co/f20D1xwXpQ #SOUTHERN-CALIFORNIA'
2017-11-02 09:07:00,b'Oakland #CA #USA - Director of Nursing DON SNF - One or more years of dem... https://t.co/XBnOFsb9Xl #LOS-ANGELES #SOUTHERN-CALIFORNIA #JOB'
2017-11-02 09:06:40,b'Oakland #CA #USA - Homecare Customer Relations Specialist - Premier Healt... https://t.co/nLvWBpktt8 #LOS-ANGELES #SOUTHERN-CALIFORNIA #JOB'
2017-11-02 08:06:59,b'Anaheim #CA #USA - Engineering Manager II - Software Engineering - Engine... https://t.co/L91YxzZvKC #LOS-ANGELES #SOUTHERN-CALIFORNIA #JOB'
2017-11-02 06:06:38,b'Louisville KY #USA - Construction Project Manager - Industrial Projects - Construction Proj... https://t.co/xSNPFiDTXW #SOUTHERN-CALIFORNIA'
2017-11-02 05:06:58,b'Portland OR #USA - Retail Sales/Customer-Service long-term growth potential - A DePaul Indu... https://t.co/P7JPPPI684 #SOUTHERN-CALIFORNIA'
2017-11-02 03:06:56,b'Sunnyvale #CA #USA - Senior Engineering Technician - The primary objectiv... https://t.co/tVajNUu9Wf #LOS-ANGELES #SOUTHERN-CALIFORNIA #JOB'
2017-11-02 03:06:36,b'Santa Clara #CA #USA - Chief Engineer - #Job Summary Responsible for the opera... https://t.co/hKS57pzqtN #LOS-ANGELES #SOUTHERN-CALIFORNIA'
2017-11-02 02:06:36,b'Coppell TX #USA - Director of Project Management 10329ALX - DIRECTOR OF PROJECT MANAGEMENT ... https://t.co/edvW7ZEL0U #SOUTHERN-CALIFORNIA'
2017-11-02 00:06:55,b'Austin TX #USA - JR0002522 - Hardware Engineer - Intel Contract Employee H... https://t.co/Xu4Ut0NZlD #LOS-ANGELES #SOUTHERN-CALIFORNIA #CA'
2017-11-01 21:07:45,b'Corona #CA #USA - General Manager Business Development - The General Mana... https://t.co/vcvMbpYS3Z #LOS-ANGELES #SOUTHERN-CALIFORNIA #JOB'
2017-11-01 21:07:26,b'Anaheim #CA #USA - Experienced General Transcriber - Work From home - ...... https://t.co/LhR9hh3ujh #LOS-ANGELES #SOUTHERN-CALIFORNIA #JOB'
2017-11-01 20:07:25,b'Phoenix AZ #USA - Immediate Full Time Quality Control Inspector Needed - ...nbspQA Manager ... https://t.co/31QCb8vK4b #SOUTHERN-CALIFORNIA'
2017-11-01 19:07:44,b'Chaparral NM #USA - Quality Assurance Coordinator - Maintain overall quality control of fac... https://t.co/w9upAXYLI3 #SOUTHERN-CALIFORNIA'
2017-11-01 19:07:24,b'EL PASO TX #USA - QC Inspector - To support Quality Assurance department in monitoring and ... https://t.co/srEK2n84nf #SOUTHERN-CALIFORNIA'
2017-11-01 14:08:00,b'Lake Forest #CA #USA - Project Manager RD Engineering Instrumentation Sen... https://t.co/RVNH9WdxqZ #LOS-ANGELES #SOUTHERN-CALIFORNIA #JOB'
2017-11-01 14:07:40,b'Yorba Linda #CA #USA - Materials Engineer - Work with suppliers supply ch... https://t.co/U7CWkssrIr #LOS-ANGELES #SOUTHERN-CALIFORNIA #JOB'
2017-11-01 13:08:00,b'Oklahoma City OK #USA - Human Resources Business Partner - Company SummaryFirst American Ti... https://t.co/Ngd9wN0Q0E #SOUTHERN-CALIFORNIA'
2017-11-01 12:07:59,b'Newport Beach #CA #USA - Software Engineer C/Python - Software Engineer C... https://t.co/5MXQfoic6F #LOS-ANGELES #SOUTHERN-CALIFORNIA #JOB'
2017-11-01 12:07:40,b'Orange #CA #USA - Software Engineer II - 6 years of software development ... https://t.co/dtN8Hl9AdN #LOS-ANGELES #SOUTHERN-CALIFORNIA #JOB'
2017-11-01 09:07:56,b'Long Beach #CA #USA - Virtual Procurement Category Manager - Professional... https://t.co/guSCvXHnKF #LOS-ANGELES #SOUTHERN-CALIFORNIA #JOB'
2017-11-01 09:07:36,b'Irvine #CA #USA - Executive Recruiter Accounting and Finance - Thrive in ... https://t.co/C1Wjhn4aJf #LOS-ANGELES #SOUTHERN-CALIFORNIA #JOB'
2017-11-01 05:08:11,b'Coral Gables FL #USA - Regular Seasonal Restaurant Food Expeditor - Shops at Merrick Park -... https://t.co/jk1BGjs6Q4 #SOUTHERN-CALIFORNIA'
2017-11-01 03:07:50,b'Austin TX #USA - Systems Engineer- Manufacturing Production Support - BS Degree in Industri... https://t.co/CTF0H33EUp #SOUTHERN-CALIFORNIA'
2017-11-01 02:07:50,b'San Antonio TX #USA - Service Technician - Warehouse Door/Loading Dock Repair - Preferred i... https://t.co/J7kxTvucY0 #SOUTHERN-CALIFORNIA'
2017-11-01 02:07:30,b'San Antonio TX #USA - Quality Engineering Technician - Quality Engineer Technician Reports ... https://t.co/zq8S8opt1E #SOUTHERN-CALIFORNIA'
2017-11-01 01:07:29,b'Las Vegas NV #USA - Travel Telemetry Nurse - Tele RN - The tele RN also monitors and interp... https://t.co/k0TXQNEvZJ #SOUTHERN-CALIFORNIA'
2017-11-01 00:07:49,b'Raleigh NC #USA - IT FoxPro Expert #Job ID 473793 - Those applications wil... https://t.co/o152nmmSqy #LOS-ANGELES #SOUTHERN-CALIFORNIA #CA'
2017-10-31 22:07:48,b'Omaha NE #USA - Shipping Receiving Specialist - Supportworks Inc. is looking for a talented... https://t.co/CA1B9JMbjm #SOUTHERN-CALIFORNIA'
2017-10-31 22:07:28,b'La Vista NE #USA - Distribution Clerk Shipping - Login Now Distribution Cl... https://t.co/A5JuECsG6H #LOS-ANGELES #SOUTHERN-CALIFORNIA #CA'
2017-10-31 21:07:27,b'Anaheim #CA #USA - Quality Engineer Instrumentation Sensors Mfg. Root Cau... https://t.co/GyJz8fhTaG #LOS-ANGELES #SOUTHERN-CALIFORNIA #JOB'
2017-10-31 20:07:47,b'Milpitas #CA #USA - Experienced Tax Advisor - Block Advisors - Experience... https://t.co/QPfXmRmFF3 #LOS-ANGELES #SOUTHERN-CALIFORNIA #JOB'
2017-10-31 20:07:27,b'San Jose #CA #USA - Director of International Tax - San Jose CPA A MUST -... https://t.co/pKNb8YxZXF #LOS-ANGELES #SOUTHERN-CALIFORNIA #JOB'
2017-10-31 19:08:05,b'New York NY #USA - Executive Assistant to Director of Think Tank - An innovative Management... https://t.co/UjIirzv7Rz #SOUTHERN-CALIFORNIA'
2017-10-31 17:07:43,b'Dallas County TX #USA - Food Service Kitchen Manager - Background 4 yearsx27 experience in ... https://t.co/7ENxcoc5MR #SOUTHERN-CALIFORNIA'
2017-10-31 17:07:24,b'Dallas TX #USA - Restaurant Service Manager - Requirements Recent Casual Dining Management ... https://t.co/PFQifr5qo1 #SOUTHERN-CALIFORNIA'
2017-10-31 12:07:40,b'San Diego #CA #USA - URGENT MS/Tele RN Per-diem Needs in San Diego CA Are... https://t.co/RM80QEhfLB #LOS-ANGELES #SOUTHERN-CALIFORNIA #JOB'
2017-10-31 12:07:20,b'San Diego #CA #USA - Registered Nurse - We are currently hiring experienc... https://t.co/ERDXOs1XCO #LOS-ANGELES #SOUTHERN-CALIFORNIA #JOB'
2017-10-31 07:07:36,b'New York NY #USA - PR/Communications Manager - The WJRO seeks an innovative driven PRx2FCom... https://t.co/mA1PKrOHl7 #SOUTHERN-CALIFORNIA'
2017-10-31 06:09:55,b'New York NY #USA - IT Infrastructure Business Relationship Mgr. Publishing 150K..midtown - ... https://t.co/tVwHsDEeLn #SOUTHERN-CALIFORNIA'
2017-10-31 05:07:34,b'Oklahoma City OK #USA - Intermediate IT Analyst - The Leidos Civil Group currently has an o... https://t.co/B212LxzIuh #SOUTHERN-CALIFORNIA'
2017-10-31 03:07:52,b'Saginaw TX #USA - dental hygienist - Hygienist Needed for privately owned dental office in ... https://t.co/9YMtLIYx7f #SOUTHERN-CALIFORNIA'
2017-10-31 03:07:33,b'Dallas TX #USA - Registered Dental Hygienist - Responsible for preforming the delivery of d... https://t.co/UUjbfcAO8x #SOUTHERN-CALIFORNIA'
2017-10-30 23:54:37,b'Colorado Springs CO #USA - Retail Sales - We are seeking a Wireless Retail Sales Representa... https://t.co/72Q5VHvJzI #SOUTHERN-CALIFORNIA'
2017-10-30 22:54:56,b'San Francisco #CA #USA - General Business Areas - Summer Analyst Program ... https://t.co/gxPFkcf5VN #LOS-ANGELES #SOUTHERN-CALIFORNIA #JOB'
2017-10-30 20:54:36,b'Milwaukee WI #USA - Food Services Catering Manager - ...nbspservice. The successful candida... https://t.co/dbZKr5Q76I #SOUTHERN-CALIFORNIA'
2017-10-30 19:54:56,b'Boston MA #USA - IT Support Team Lead - The Desktop Support Technician will also assist on ... https://t.co/01kr5MSGD1 #SOUTHERN-CALIFORNIA'
2017-10-30 18:11:43,b'RT @LoriMoreno: Hot Air Balloon Gone Wild https://t.co/waieKwmNJQ\xc2\xa0 https://t.co/mbt1X8xVlm\xc2\xa0 in #Southern #California #Wine Country &gt; https:\xe2\x80\xa6'
2017-10-30 18:08:14,b'RT @LoriMoreno: Hot Air Balloon Gone Wild https://t.co/waieKwmNJQ\xc2\xa0 https://t.co/mbt1X8xVlm\xc2\xa0 in #Southern #California #Wine Country &gt; https:\xe2\x80\xa6'
2017-10-30 18:07:36,b'RT @LoriMoreno: Hot Air Balloon Gone Wild https://t.co/waieKwmNJQ\xc2\xa0 https://t.co/mbt1X8xVlm\xc2\xa0 in #Southern #California #Wine Country &gt; https:\xe2\x80\xa6'
2017-10-30 17:55:25,b'Hot Air Balloon Gone Wild https://t.co/waieKwmNJQ\xc2\xa0 https://t.co/mbt1X8xVlm\xc2\xa0 in #Southern #California #Wine Country &gt; https://t.co/B6xidROl20'
2017-10-30 16:55:14,b'Fremont #CA #USA - General Construction Labor/Fence Cage Installer - Fenc... https://t.co/ueklqC4fOU #LOS-ANGELES #SOUTHERN-CALIFORNIA #JOB'
2017-10-30 16:54:54,b'Fremont #CA #USA - Inspectors/General Labor Fremont CA - One our of clien... https://t.co/V7dSuOIEug #LOS-ANGELES #SOUTHERN-CALIFORNIA #JOB'
2017-10-30 15:55:13,b'Hawaiian Gardens #CA #USA - Food Services Manager - Food and Nutrition Service... https://t.co/M2s0jCOzl0 #LOS-ANGELES #SOUTHERN-CALIFORNIA'
2017-10-30 15:54:53,b'Mission Viejo #CA #USA - Food Service Manager - Food service management p... https://t.co/YiAu0SUaZ2 #LOS-ANGELES #SOUTHERN-CALIFORNIA #JOB'
2017-10-30 12:54:51,b'Birmingham AL - Tax Expert - CPA Enrolled Agent or Attorney - Remote - We are hiring cr... https://t.co/OpCtjkTZAY #SOUTHERN-CALIFORNIA #CA'
2017-10-30 12:54:31,b'Gardendale AL #USA - Tax Preparer I Store Operations - POSITION SUMMARY Under general super... https://t.co/pvup46inKT #SOUTHERN-CALIFORNIA'
2017-10-30 09:55:11,b'Minneapolis MN #USA - Principal IT Telephony Engineer - I have a client in Minneapolis West... https://t.co/APEt3WVBhD #SOUTHERN-CALIFORNIA'
2017-10-30 09:54:50,b'Minneapolis MN #USA - IT Systems Engineer - Strong work ethic with a desire to learn grow a... https://t.co/LlxsKTbFIK #SOUTHERN-CALIFORNIA'
2017-10-30 08:55:10,b'San Diego #CA #USA - Outside Sales Representative - Day Wireless Systems ... https://t.co/yQUfn1zznh #LOS-ANGELES #SOUTHERN-CALIFORNIA #JOB'
2017-10-30 08:54:50,b'San Diego #CA #USA - Networking Sales / AE - Networking Sales x2F AE Ente... https://t.co/y5fRePeNR0 #LOS-ANGELES #SOUTHERN-CALIFORNIA #JOB'
2017-10-30 06:55:08,b'Richfield MN #USA - Health Fitness Assistants/Group Class Instructors on-c... https://t.co/IGmvoD016F #LOS-ANGELES #SOUTHERN-CALIFORNIA #CA'
2017-10-30 06:54:48,b'Roseville MN #USA - Personal Trainer - #JOB SUMMARY XPERIENCE FITNESS IS L... https://t.co/kSkfDhnwx5 #LOS-ANGELES #SOUTHERN-CALIFORNIA #CA'
2017-10-30 05:55:06,b'Randolph MA #USA - Billing Associate - Under the supervision of the Director of Finance the... https://t.co/3rzM5ITaZO #SOUTHERN-CALIFORNIA'
2017-10-30 05:54:46,b'Boston MA #USA - Senior Billing Coordinator - Billing Independently manages all billing fun... https://t.co/HdXgnbF2rW #SOUTHERN-CALIFORNIA'
2017-10-30 03:55:04,b'Industry #CA #USA - #Job Fair SAT 10/28 Production Line General Labor Loaders ... https://t.co/8YL6VMByFW #LOS-ANGELES #SOUTHERN-CALIFORNIA'
2017-10-30 03:54:44,b'Santa Ana #CA #USA - General Labor / Warehouse Associates Machine Operato... https://t.co/HfUt1JkZ8j #LOS-ANGELES #SOUTHERN-CALIFORNIA #JOB'
2017-10-30 00:55:02,b'Colorado Springs CO #USA - Sales Marketing Team Leader- Entry Level - EMS is a growing mark... https://t.co/8umj2bzWz2 #SOUTHERN-CALIFORNIA'
2017-10-29 22:38:59,b'Irving TX #USA - Event Advertising / Marketing - Entry Level - Event Advertising x2F Market... https://t.co/zWCzvu83sb #SOUTHERN-CALIFORNIA'
2017-10-29 21:38:39,b'Fort Wayne IN #USA - Tax Intern - Your primary function will be to participate in the exami... https://t.co/aRLXx6vOi1 #SOUTHERN-CALIFORNIA'
2017-10-29 20:38:58,b'Bakersfield #CA #USA - Water Conveyance Project Manager/Design Lead P.E. ... https://t.co/2RjRmNfSJc #LOS-ANGELES #SOUTHERN-CALIFORNIA #JOB'
2017-10-29 20:38:38,b'Bakersfield #CA #USA - Principal Piping Designer - Completes highly-techn... https://t.co/zJOfXphNeK #LOS-ANGELES #SOUTHERN-CALIFORNIA #JOB'
2017-10-29 19:38:57,b'Stockton #CA #USA - Beijing University Teaching Position Relocate to Chin... https://t.co/AgqflUHHmN #LOS-ANGELES #SOUTHERN-CALIFORNIA #JOB'
2017-10-29 16:38:33,b'Tulsa OK #USA - Retail Merchandiser - We offer many opportunities within the retail grocery... https://t.co/YcE1y3GZ73 #SOUTHERN-CALIFORNIA'
